Workbook
Name _xlcn.WorksheetConnection_07.sampledataexcelportfolioproject.xlsxcustomers1: #REF!

Sheet Pivot_Analysis
A3: Row Labels | B3: Count of Call number
A4: Mar | B4: 155 | E4: Row Labels | F4: Count of Call number | K4: Row Labels | L4: Sum of Satisfaction Rating
A5: Apr | B5: 136 | E5: R05 | F5: 200 | K5: R02 | L5: 843.8
A6: Oct | B6: 114 | E6: R04 | F6: 186 | K6: R03 | L6: 798.8
A7: May | B7: 83 | E7: R03 | F7: 207 | K7: R05 | L7: 776.5
A8: Jan | B8: 79 | E8: R02 | F8: 218 | K8: R01 | L8: 741.4
A9: Sep | B9: 76 | E9: R01 | F9: 189 | K9: R04 | L9: 724.9 | Q9: Row Labels | R9: Sum of Satisfaction Rating | W9: Row Labels | X9: Sum of Duration | Y9: Count of Call number
A10: Jun | B10: 67 | E10: Grand Total | F10: 1000 | K10: Grand Total | L10: 3885.4 | Q10: R02 | R10: 843.8 | W10: 1 to 2 hours | X10: 46865 | Y10: 524 | AB10: Row Labels | AC10: Sum of Purchase Amount | AG10: Row Labels | AH10: Count of Call number | AM10: Row Labels | AN10: Sum of Satisfaction Rating
A11: Feb | B11: 66 | Q11: R03 | R11: 798.8 | W11: More than 2 hours | X11: 33202 | Y11: 237 | AB11: R03 | AC11: 20872 | AG11: Saturday | AH11: 161 | AM11: Saturday | AN11: 627
A12: Jul | B12: 64 | Q12: R05 | R12: 776.5 | W12: 30 to 60 mins | X12: 8567 | Y12: 179 | AB12: R02 | AC12: 20581 | AG12: Wednesday | AH12: 153 | AM12: Wednesday | AN12: 602.7
A13: Nov | B13: 57 | Q13: R01 | R13: 741.4 | W13: 10 to 30 mins | X13: 1159 | Y13: 51 | AB13: R05 | AC13: 20104 | AG13: Sunday | AH13: 146 | AM13: Sunday | AN13: 575.4
A14: Dec | B14: 53 | Q14: R04 | R14: 724.9 | W14: Under 10 mins | X14: 57 | Y14: 9 | AB14: R01 | AC14: 18415 | AG14: Friday | AH14: 141 | AM14: Friday | AN14: 542.9
A15: Aug | B15: 50 | Q15: Grand Total | R15: 3885.4 | W15: Grand Total | X15: 89850 | Y15: 1000 | AB15: R04 | AC15: 16651 | AG15: Tuesday | AH15: 138 | AM15: Tuesday | AN15: 537.2
A16: Grand Total | B16: 1000 | AB16: Grand Total | AC16: 96623 | AG16: Monday | AH16: 133 | AM16: Thursday | AN16: 501.6
AG17: Thursday | AH17: 128 | AM17: Monday | AN17: 498.6
AG18: Grand Total | AH18: 1000 | AM18: Grand Total | AN18: 3885.4

Sheet Call center insights
A1: CALL CENTER PERFORMANCE INSIGHTS & SUMMARY 1. BEST-PERFORMING AGENTS: • Top Revenue: R03 generated the highest total revenue ($20,872). • Top Satisfaction: R01 achieved the highest customer satisfaction score (3.92). • Highest Workload: R02 handled the maximum call volume (218 calls). 2. PEAK CALL TIMES: • Busiest Month: March recorded the highest call volume (155 calls). • Busiest Day: Saturday was the peak day for incoming calls (161 calls). • Common Duration: Over 52% of calls lasted between 1 to 2 hours.

Sheet Data
A1: Call number | B1: Customer ID | C1: Duration | D1: Representative | E1: Date of Call | F1: Purchase Amount | G1: Satisfaction Rating | H1: Financial Year | I1: Day of week | J1: Duration Bucket | K1: Rating rounded
A2: Call_7271 | B2: C0003 | C2: 116 | D2: R05 | E2: 44927 | F2: 128 | G2: 4.9 | H2: =IF(MONTH(Data!$E2)<=6, YEAR(Data!$E2), YEAR(Data!$E2)+1) -> 2023 | I2: =TEXT(Data!$E2,"DDDD") -> Sunday | J2: 1 to 2 hours | K2: =ROUND(Data!$G2,0) -> 5
A3: Call_7272 | B3: C0004 | C3: 119 | D3: R05 | E3: 44927 | F3: 135 | G3: 2.9 | H3: =IF(MONTH(Data!$E3)<=6, YEAR(Data!$E3), YEAR(Data!$E3)+1) -> 2023 | I3: =TEXT(Data!$E3,"DDDD") -> Sunday | J3: 1 to 2 hours | K3: =ROUND(Data!$G3,0) -> 3
A4: Call_7273 | B4: C0005 | C4: 68 | D4: R02 | E4: 44927 | F4: 66 | G4: 4.7 | H4: =IF(MONTH(Data!$E4)<=6, YEAR(Data!$E4), YEAR(Data!$E4)+1) -> 2023 | I4: =TEXT(Data!$E4,"DDDD") -> Sunday | J4: 1 to 2 hours | K4: =ROUND(Data!$G4,0) -> 5
A5: Call_7274 | B5: C0014 | C5: 119 | D5: R02 | E5: 44927 | F5: 22 | G5: 2.9 | H5: =IF(MONTH(Data!$E5)<=6, YEAR(Data!$E5), YEAR(Data!$E5)+1) -> 2023 | I5: =TEXT(Data!$E5,"DDDD") -> Sunday | J5: 1 to 2 hours | K5: =ROUND(Data!$G5,0) -> 3
A6: Call_7275 | B6: C0011 | C6: 128 | D6: R01 | E6: 44928 | F6: 31 | G6: 2.8 | H6: =IF(MONTH(Data!$E6)<=6, YEAR(Data!$E6), YEAR(Data!$E6)+1) -> 2023 | I6: =TEXT(Data!$E6,"DDDD") -> Monday | J6: More than 2 hours | K6: =ROUND(Data!$G6,0) -> 3
A7: Call_7276 | B7: C0011 | C7: 49 | D7: R02 | E7: 44929 | F7: 135 | G7: 4.8 | H7: =IF(MONTH(Data!$E7)<=6, YEAR(Data!$E7), YEAR(Data!$E7)+1) -> 2023 | I7: =TEXT(Data!$E7,"DDDD") -> Tuesday | J7: 30 to 60 mins | K7: =ROUND(Data!$G7,0) -> 5
A8: Call_7277 | B8: C0007 | C8: 84 | D8: R05 | E8: 44929 | F8: 60 | G8: 4.7 | H8: =IF(MONTH(Data!$E8)<=6, YEAR(Data!$E8), YEAR(Data!$E8)+1) -> 2023 | I8: =TEXT(Data!$E8,"DDDD") -> Tuesday | J8: 1 to 2 hours | K8: =ROUND(Data!$G8,0) -> 5
A9: Call_7278 | B9: C0003 | C9: 103 | D9: R04 | E9: 44929 | F9: 148 | G9: 4.4 | H9: =IF(MONTH(Data!$E9)<=6, YEAR(Data!$E9), YEAR(Data!$E9)+1) -> 2023 | I9: =TEXT(Data!$E9,"DDDD") -> Tuesday | J9: 1 to 2 hours | K9: =ROUND(Data!$G9,0) -> 4
A10: Call_7279 | B10: C0005 | C10: 31 | D10: R02 | E10: 44929 | F10: 135 | G10: 3.6 | H10: =IF(MONTH(Data!$E10)<=6, YEAR(Data!$E10), YEAR(Data!$E10)+1) -> 2023 | I10: =TEXT(Data!$E10,"DDDD") -> Tuesday | J10: 30 to 60 mins | K10: =ROUND(Data!$G10,0) -> 4
A11: Call_7280 | B11: C0010 | C11: 44 | D11: R03 | E11: 44929 | F11: 105 | G11: 2.9 | H11: =IF(MONTH(Data!$E11)<=6, YEAR(Data!$E11), YEAR(Data!$E11)+1) -> 2023 | I11: =TEXT(Data!$E11,"DDDD") -> Tuesday | J11: 30 to 60 mins | K11: =ROUND(Data!$G11,0) -> 3
A12: Call_7281 | B12: C0011 | C12: 102 | D12: R02 | E12: 44929 | F12: 69 | G12: 4.9 | H12: =IF(MONTH(Data!$E12)<=6, YEAR(Data!$E12), YEAR(Data!$E12)+1) -> 2023 | I12: =TEXT(Data!$E12,"DDDD") -> Tuesday | J12: 1 to 2 hours | K12: =ROUND(Data!$G12,0) -> 5
A13: Call_7282 | B13: C0013 | C13: 135 | D13: R05 | E13: 44929 | F13: 46 | G13: 3.4 | H13: =IF(MONTH(Data!$E13)<=6, YEAR(Data!$E13), YEAR(Data!$E13)+1) -> 2023 | I13: =TEXT(Data!$E13,"DDDD") -> Tuesday | J13: More than 2 hours | K13: =ROUND(Data!$G13,0) -> 3
... A1001: Call_8270 | B1001: C0009 | C1001: 114 | D1001: R01 | E1001: 45291 | F1001: 40 | G1001: 3.9 | H1001: =IF(MONTH(Data!$E1001)<=6, YEAR(Data!$E1001), YEAR(Data!$E1001)+1) -> 2024 | I1001: =TEXT(Data!$E1001,"DDDD") -> Sunday | J1001: 1 to 2 hours | K1001: =ROUND(Data!$G1001,0) -> 4
